iso3,iso2,name,un_subregion
DZA,DZ,Algeria,Northern Africa
AGO,AO,Angola,Middle Africa
BEN,BJ,Benin,Western Africa
BWA,BW,Botswana,Southern Africa
BFA,BF,Burkina Faso,Western Africa
BDI,BI,Burundi,Eastern Africa
CPV,CV,Cabo Verde,Western Africa
CMR,CM,Cameroon,Middle Africa
CAF,CF,Central African Republic,Middle Africa
TCD,TD,Chad,Middle Africa
COM,KM,Comoros,Eastern Africa
COG,CG,Congo,Middle Africa
COD,CD,Democratic Republic of the Congo,Middle Africa
CIV,CI,Côte d'Ivoire,Western Africa
DJI,DJ,Djibouti,Eastern Africa
EGY,EG,Egypt,Northern Africa
GNQ,GQ,Equatorial Guinea,Middle Africa
ERI,ER,Eritrea,Eastern Africa
SWZ,SZ,Eswatini,Southern Africa
ETH,ET,Ethiopia,Eastern Africa
GAB,GA,Gabon,Middle Africa
GMB,GM,Gambia,Western Africa
GHA,GH,Ghana,Western Africa
GIN,GN,Guinea,Western Africa
GNB,GW,Guinea-Bissau,Western Africa
KEN,KE,Kenya,Eastern Africa
LSO,LS,Lesotho,Southern Africa
LBR,LR,Liberia,Western Africa
LBY,LY,Libya,Northern Africa
MDG,MG,Madagascar,Eastern Africa
MWI,MW,Malawi,Eastern Africa
MLI,ML,Mali,Western Africa
MRT,MR,Mauritania,Western Africa
MUS,MU,Mauritius,Eastern Africa
MAR,MA,Morocco,Northern Africa
MOZ,MZ,Mozambique,Eastern Africa
NAM,NA,Namibia,Southern Africa
NER,NE,Niger,Western Africa
NGA,NG,Nigeria,Western Africa
RWA,RW,Rwanda,Eastern Africa
STP,ST,Sao Tome and Principe,Middle Africa
SEN,SN,Senegal,Western Africa
SYC,SC,Seychelles,Eastern Africa
SLE,SL,Sierra Leone,Western Africa
SOM,SO,Somalia,Eastern Africa
ZAF,ZA,South Africa,Southern Africa
SSD,SS,South Sudan,Eastern Africa
SDN,SD,Sudan,Northern Africa
TZA,TZ,Tanzania,Eastern Africa
TGO,TG,Togo,Western Africa
TUN,TN,Tunisia,Northern Africa
UGA,UG,Uganda,Eastern Africa
ZMB,ZM,Zambia,Eastern Africa
ZWE,ZW,Zimbabwe,Eastern Africa
